ID,name,region
1623,Spud,WA
1541,Sora,NSW
1329,Rainbow,NSW
1220,Nick,SA
1069,S.D,VIC
8138,Davox,SA
1240,Kami,QLD
1093,Tristan,QLD
1267,Quetz,WA
1048,Syke,QLD
1332,MC,NSW
11750,Sock,NSW
1268,Karu,WA
1616,MojoMonkey,NZ
1049,smopup,QLD
1290,DonB,VIC
8059,Mercury,QLD
2241,Aluf,NZ
18082,Jojo,VIC
2226,Fess,VIC
2543,Currypuffs,NZ
9561,Skeleduck,VIC
1051,AussieRob,QLD
1223,Muscat,SA
16090,CowboyTrickshot,VIC
1222,Kaiza,SA
1245,Cunchy,NSW
1068,Dekar,VIC
5315,Cookbook,NZ
8510,Prolific,VIC
2624,Auro,QLD
4917,Brad,QLD
1571,Nangs,SA
5863,Scared,NSW
1180,Joe,ACT
3631,Sundowns,WA
1207,Russell,QLD
4925,Skip,VIC
3133,Microsoft J,VIC
1236,Wibbles,ACT
1193,Niko,QLD
13986,Girku,NZ
1155,Atticus,VIC
2542,Wontonz,NZ
2607,Ryzuul,VIC
1617,Toash,NZ
1285,Moxie,VIC
1083,Tranq,QLD
15211,melodiic,VIC
6946,C$,VIC
1978,RedX,VIC
2436,Mikel,WA
1331,RCJay,NSW
3752,Elka,WA
1112,Zxv,ACT
11758,Saxx,NZ
1072,Toshiba,VIC
5369,Dog,NZ
16966,Hori,NZ
8085,Jarcino,NZ
1704,KIC,WA
1047,JBirds,QLD
2404,Thriles,QLD
1113,Scabe,ACT
1771,Cailan,VIC
2126,Little Hungry,WA
5482,Zhye,VIC
17621,West,VIC
1071,Redact,VIC
15011,Caesar,VIC
1553,Scraddles,SA
1221,Flow Rats,SA
5681,SharpyNZ,NZ
4903,PauleyB,NZ
2007,Cal,NSW
15344,McCloud,SA
1102,Tedeth,NSW
2127,Ando,NSW
2437,Niven,WA
1469,Uber,QLD
2287,Ace,WA
1632,Entice,QLD
1357,Azri,VIC
1369,Tyler,VIC
1040,Splice,VIC
5774,Mylo,SA
5491,Spence,NSW
2439,Dank,WA
1998,YaMumNz,NZ
1291,Skeletom,VIC
1779,Hoppalot22,VIC
5474,Din,VIC
1550,Katherine,SA
5755,eli,NZ
13911,Hughie,VIC
2683,Mustella,QLD
5699,Haikal,QLD
1215,Vlade,WA
1536,Qx,NSW
17991,Goodie,VIC
15310,coyboy,NSW
5327,Mikkle,NSW
1850,Raphiki,VIC
2117,Crunkle,NZ
1156,CAOTIC,NSW
1287,Noxus,VIC
13976,Emps,VIC
1694,Boonsong,QLD
8114,RhuMy,NZ
2432,Paranoid,NSW
1251,Miguel,WA
15079,MULE,NZ
5091,AbysmalAngel,NZ
8141,Stormchicken,VIC
15013,George Ohwell,VIC
7996,Birdperson,VIC
15087,Jisp,NSW
2359,H1ppo,VIC
2718,Duck,VIC
5378,Coup,TAS
1129,Ace S.A.,SA
2625,Booerns,QLD
13855,Vic Machine Broke,VIC
1130,Oli,SA
1176,Seb,ACT
1762,Yoyo,TAS
1097,Mytus,ACT
1853,Saucy,VIC
5055,OB,NSW
1085,Sebby,VIC
1289,Pretty Cool Guy,VIC
4788,XP2000,QLD
3118,Rek,ACT
2688,YOUNG,WA
5802,Goon,NSW
1160,Blackshadow,SA
1803,Dz,NZ
1250,JKTS,VIC
5379,Luma,WA
1256,Chappos,WA
1189,Gareth,QLD
1542,Jnuts,NSW
1312,Samuel L. Blaxon,VIC
1628,Polaroid,WA
3650,Soup,ACT
1774,Carbon,VIC
2901,Muso,NSW
16031,Supercat Meow,VIC
1078,Sloth,QLD
1458,Edit,VIC
11778,Mungo,QLD
5476,Wings,VIC
2129,Gabe,NSW
1488,Fady,QLD
1214,Corpsecreate,VIC
18311,Postman Pat,VIC
5907,Adam,VIC
1079,Radiance,ACT
1148,Zorsy,NSW
1494,Exor,WA
1283,Hardpelicn,VIC
8087,Jej,NZ
1286,Joeyjoeyjoejoe,VIC
5899,Papermoon,NSW
13978,FunnySunTADM,VIC
19830,Mealmix,VIC
1622,SpeedyJ,NZ
3283,Unladen,NZ
1442,Torpy,VIC
1150,Scrubs,QLD
6999,Lame,QLD
1643,Frenchie,NZ
3954,Ryshy,NSW
2110,Phez,NSW
1388,Darkfire,QLD
2335,Bruh,QLD
15470,az,NSW
17992,Youla,VIC
2691,Campbell,VIC
1891,Akolyte,NZ
9448,shineboyfresh,VIC
8053,LKH,NSW
6998,Djinn,QLD
2011,IU,NSW
1330,Birdies,NSW
16776,xardov,VIC
1456,Reef,VIC
1089,Earl,VIC
1151,Accelerate,QLD
2723,Baxter,WA
1184,Gomez,ACT
15712,BOOTYMEAT,NSW
15164,Lemonpot,WA
17417,Hoja Santa,NZ
2438,DKBoy,WA
1084,Woodley,QLD
1192,JediLink,QLD
2284,Cruzybecks,WA
16896,Mook,NZ
13852,Josto,NZ
1684,Sheepgobeep,TAS
4478,Shani,VIC
1701,Bearfist,WA
3465,Chef,VIC
1165,Jimbo,QLD
2655,Kelasius,QLD
1644,k0rg,NZ
8105,Captain Multishine,NSW
1512,Haydze,VIC
5098,Plumbo,NZ
9559,Spamsung,NSW
1121,Ghost,SA
1812,smoz,NZ
2062,Yeta,NSW
1672,Dank,VIC
1560,Sam,SA
10674,Sean,ACT
8108,Tom Tam,WA
4735,Jeremy,NSW
3117,Dove,ACT
3395,Gooch,VIC
8225,Gong - Luke Mazur,NSW
1909,YoshiPkz,WA
8125,KLOB,NSW
2720,VietPham,QLD
15475,Birb,NSW
3138,DSC,VIC
1440,Macky,VIC
5777,Random,SA
1067,Allens,SA
15935,Åsh,NZ
19774,Aaron,VIC
1200,Jaffles,QLD
2746,Maca,QLD
2234,Ben Gold,VIC
5937,ruscur,ACT
1265,Fray,WA
8054,Lunchmeat,QLD
18384,Ella,VIC
3146,Savage,VIC
3600,Soup,NSW
5754,Blarghity,VIC
15417,AcidLoveboi,NZ
8414,Lach,QLD
2981,xDaniee,QLD
9510,mizu,NZ
2240,MrHealthy,NZ
3946,Brad,VIC
1750,Lemons,SA
1965,Skelorex,VIC
10660,puff Daddy,ACT
1680,Swebe,TAS
5593,Benjo,WA
13856,YungBitch,VIC
15228,Melotech,VIC
8405,Bad,QLD
13974,Sk8orDie,VIC
17226,strapped,NZ
7991,BeybWade,VIC
5326,Jojo,NSW
1566,Chicken,QLD
18963,Leon,NZ
8228,Gong - Matt Bell,NSW
4171,Hag,WA
2434,Schnitzel,NSW
13949,Lagoon,NZ
1070,Grim Tuesday,SA
19818,raechu,VIC
1941,Kristoph,NSW
2352,Edsta,SA
2195,Skite,VIC
1195,LordOxMoose,QLD
8401,spespe,NZ
1309,1ampercent,VIC
1537,Guresia,NSW
1106,Atyeo,ACT
19826,D_Lidz,VIC
3977,asc,NZ
3596,Jason,WA
8113,Taqia,VIC
15165,Trepidate,NSW
4306,Nick,ACT
1486,FMS,QLD
2134,Mikami,NSW
1646,Gbus,NZ
13975,Midori,VIC
5092,Sayora,NZ
3188,Trinick,VIC
1658,PizzaFingers,NZ
5322,Jackpot,NSW
1088,Jamwa,VIC
5753,MurMur,VIC
5800,Rushin,VIC
2087,Yam,NSW
17845,Goofy,NSW
15171,porkyy,NSW
1066,Jei,VIC
5283,DD,VIC
1611,OninO,NZ
2307,Nahwellmaybe,QLD
1606,CubT,NZ
5380,Takyon,TAS
8479,Yung$,QLD
2747,Sindocus,VIC
2622,CMPS,QLD
5416,Nope,TAS
5565,Norbet,VIC
1565,Ivan,SA
3402,Auo,VIC
1163,Claymore,QLD
3115,Cammy,ACT
15086,El Chimpe,NSW
9543,Whatlez,QLD
1057,Toki,QLD
4961,YUNG$,VIC
1063,Timic83,VIC
1340,Gosu,QLD
19235,Morgz,WA
2539,Tane,QLD
2151,Matty,VIC
8136,Puff Daddy,NSW
5252,Swag,VIC
1327,Mac,QLD
1360,KTMFinx,VIC
1609,Pinolicious,NZ
2601,Tid,NSW
7980,Marv,QLD
1396,William,QLD
10699,GRN,VIC
15478,chiuy,NSW
15224,Redux,VIC
1823,narpas,NZ
13972,ice in rural areas,VIC
2125,AvocadoBride,WA
3074,oopbop,QLD
2414,Kelp,NSW
13955,Legacy,WA
4926,Spike,NSW
5908,The Mailman,VIC
1364,Callibar,VIC
1820,Pants3000,NZ
1142,Unreon,NSW
1607,Lima,NZ
4094,Mackln,NSW
1298,DomHynes,VIC
4092,MOOP,NSW
4826,N/A,NSW
2005,Rollic,NSW
2325,Doctor A.Ness,NSW
2442,RedFalco,WA
3423,Deku,ACT
1212,Blue,QLD
5191,ls300,QLD
15933,camzo2k,NZ
15102,Abard,NSW
9558,6116,NSW
1041,BIGBOSS,VIC
5519,Illy,NSW
2400,Party,NSW
1614,Kelots,NZ
1064,Tibs,VIC
15604,TDUM,QLD
1822,Chem,NZ
1439,Mezer,VIC
1177,Kevin,ACT
1490,JPS,QLD
1870,Katoran,NZ
17498,Baphy,VIC
3153,Doob,VIC
2627,Whisker,QLD
15476,Chowder,NSW
5214,MasterSplinter,NZ
7997,Method,VIC
3142,JT,VIC
1679,Shenny,VIC
5395,justHarry,TAS
2089,Marty,NSW
2610,Alex Sucks,VIC
16937,Muso,NZ
17593,Haydz,VIC
2449,KizzaBam,NSW
4066,Blaxxon,NSW
8017,Tytanic,ACT
1751,Jeremy,SA
3334,AJAX,WA
2441,Gojira,WA
5178,Octocatt,QLD
1288,Bu$,VIC
15065,Zer0!Factorial,NZ
17495,Six,VIC
1305,Milun,VIC
1316,Izzago,VIC
1636,Jay,QLD
13913,Amanda Huggenkiss,VIC
2637,Masenko,QLD
18313,Oceanman,VIC
2428,Ktan,VIC
4000,Daryl,ACT
1076,Gords,NSW
1260,Beans,WA
15106,WillD,SA
4228,Cage,WA
2523,Roy,WA
1246,Ryan,QLD
5775,Caleb,SA
18347,Heistotron5000,QLD
3800,Josh,VIC
8293,Gong - Derek Hely,NSW
1266,Brad,WA
3630,Bringer,WA
15033,Merebry,NSW
8269,Gong - Johnson Ng,NSW
1461,Deeks,VIC
1073,Tak,VIC
2541,Hectic,NZ
2620,Limit,QLD
8323,Gong - Ryan Stevenson,NSW
2227,LPG,VIC
13857,Mr. Success,VIC
3166,SPAWN,VIC
1100,Hotdog,QLD
9445,Aidan,QLD
9451,dun.sum,VIC
1626,SNC,NZ
3171,9threvolver,VIC
16033,Dexter,VIC
17481,Phrase,QLD
16453,Daddy,NSW
8465,Big Brother,VIC
6968,Sugarkick,WA
1625,BenG,NZ
3787,SGROIE,VIC
1745,conso,QLD
4140,Shakky,SA
2757,S.S.S. Jester,QLD
2759,Switch,QLD
4719,Sarvaia,QLD
3601,Rappy,VIC
1686,MrMiacro,TAS
1338,Cetro,QLD
8152,Gong - James Russell,NSW
1881,dragonlei1,NZ
3164,Windex,VIC
2115,CarlosMX,NZ
1958,Pr0tH,QLD
2440,Pen Ninja,WA
3314,Hawkeye,NSW
2703,Debaser,VIC
8328,Gong - Samuel,NSW
13948,VinterGatan,NZ
15662,Lawd,SA
5303,Kr0nk,NZ
2403,Delta,VIC
2247,Fuccboi,NSW
8199,Gong - Brandon Scolnik,NSW
5501,Zantar,NSW
3276,Storm,NZ
5097,FTBox,NZ
5230,DKang,NZ
15150,smallboy,QLD
1365,Sumeet,VIC
5341,TH,WA
4099,Kev,NSW
1444,Naked Jake,VIC
5067,KmS,VIC
15328,Monshi,QLD
10658,bn3,ACT
8258,Gong - Matthew Wale,NSW
2687,Jetfantastic,QLD
4474,AsTheWorldTurns,NZ
8174,Anthony Serrano,NSW
1873,Red,NZ
1235,Alien,ACT
4048,Trace,VIC
18257,JiggyJ,NZ
1095,Tin Man,ACT
4920,Little Bird,QLD
9581,Doziam,QLD
4790,Bread,QLD
1526,C3H8,QLD
1608,Flatfeet,NZ
8415,Sc0ttyP,QLD
19812,TV,VIC
1111,Kira,NSW
1871,Gerard,NZ
4185,Lunchbillion,NZ
3540,BlueVapour,NZ
5420,BshortZ,QLD
1816,ynthrepic,NZ
5486,Aggro,VIC
4064,teh_dude,NSW
2465,Bussy,VIC
10662,Benj0vi,ACT
16035,Hannibal?,VIC
1372,Slop,VIC
1424,Steady,VIC
1656,Beef,NZ
4374,Ushi,VIC
1729,Euro,SA
4128,Towel,SA
4595,Tai,VIC
1174,Bogo,ACT
1145,ComboTurtle,NSW
8131,Kaizen,NSW
1105,Mr Leak,NSW
1505,Haydino,VIC
9465,WestSideBandit,NSW
1393,Phibzy,NSW
1813,0cha,NZ
5381,Jesse,TAS
6947,E X,VIC
3147,Michael Caine,VIC
1575,Barramundi,WA
2358,Frink,VIC
2083,Flex,NSW
3374,DanB,VIC
15430,Fez,NSW
18785,Wooper,NZ
1443,Cap,VIC
18188,Cohen,TAS
1511,Blue,VIC
1045,Kurogane Hammer,QLD
5342,Holt,WA
3105,Hase,QLD
1308,Meredy,VIC
1194,TDEE,QLD
1052,Karnu,VIC
2790,Conza,QLD
1882,Aeneas,NZ
9437,chimps,NZ
9454,Trish,QLD
2468,Half Baked,NSW
3339,Cryo,WA
3403,Tzarface,VIC
1262,Nasch,WA
1152,Dif,QLD
1118,Afropony,VIC
1897,Weeb,QLD
1942,BJSchoey,NSW
8483,CtMxum,NZ
18318,TR3S,VIC
17872,Suds,NZ
4615,Monkee,VIC
6948,Rhys,VIC
8333,Gong - George Tee,NSW
2077,Prods,NSW
3380,NiGHTS,WA
2922,Dr. D,NSW
15692,Jonny,NSW
17060,Simzje,VIC
8022,Slip,ACT
8081,Blurt,NZ
8015,BenJovi,ACT
1272,Jon,WA
4800,Ramo,NZ
4078,Hugie,NSW
4307,Dave,WA
10667,Davin,ACT
1540,FEG,NSW
2190,Bass,NSW
4081,Stereo,NSW
1126,Shakyy,SA
4540,Sam,VIC
2789,Iconoclast,QLD
4137,NovaAk,SA
3082,Marksmenn,QLD
1169,Neon,QLD
1579,Lando,QLD
3409,mask1n,VIC
5542,Dunsum,VIC
3552,Soup,WA
4906,Tatts,QLD
4517,Kyle,VIC
1284,Dreadtech,VIC
2369,DoorBashr,NSW
4907,CHS,QLD
3341,JOSS,WA
4822,Yoyo,QLD
1610,Luthadel,NZ
4465,Lamb,VIC
2399,Andy,NSW
15431,Dutch,QLD
3746,mspe044,NZ
2618,Tofu,QLD
2664,Drizzle,QLD
3136,Flare,VIC
1543,Towely,QLD
5444,Hadster,QLD
1116,Devil,VIC
16914,Chibi,VIC
16122,Roach,QLD
18132,Lapis,NSW
1334,NQuad1Zero,QLD
1259,Caged,WA
2944,Melandor,NSW
8327,Gong - DICKMAN KICKMAN,NSW
9562,Hum_Hug,VIC
2989,KD,QLD
4597,Roy,VIC
5363,Luke,QLD
8132,bams,NSW
3306,Krystal,WA
2248,Rob,NSW
10677,Daal,ACT
1452,Peter,VIC
2749,Hawki,NSW
5060,Lenneth,QLD
16908,trippymane,NZ
16306,kosc,WA
1039,Archaze,QLD
1301,Sadistic,VIC
8076,Party King,QLD
1817,GregJS,NZ
15075,Zerg,QLD
6954,Milkypog,NSW
3401,Meatpie,VIC
2238,Mulletcap,TAS
8461,TKano,VIC
7992,DrewZG,VIC
2376,CHET_AWESOMELAND,NSW
1348,JPW,NSW
1075,Jezmo,QLD
13895,ANGLAKEY,QLD
3313,Will,NSW
3386,Boros,VIC
5402,Heman,TAS
1094,Shaya,NSW
1394,Maribro,WA
1232,Wizzow,QLD
1299,MGK,VIC
1143,Jaz,NSW
3499,Vanor,WA
3424,Jey,ACT
1877,Nick4Now,NZ
2285,NiV,WA
19446,OliveU,NZ
1255,Noied,WA
1175,Pauline,ACT
5702,DeeezNuts,QLD
3719,Xe,SA
4136,GiveMeBacn,SA
1969,Insie,VIC
1185,Baker,NSW
1615,FERALxPANDA,NZ
1773,Rhyno012,VIC
2094,Kait,NSW
19829,Swanker,NZ
3723,Slayer,SA
1090,Nicks,VIC
16032,Easymac,VIC
18521,DaWests,NZ
5401,Happyfeet,TAS
1454,Tommy,VIC
15663,MASHPOTATO,SA
1936,Fruit,NSW
15721,Big Green,WA
16289,7eon,NSW
1190,Sieg,QLD
4019,Kizmmit,SA
4835,lukken,NSW
3724,Hellwalker,SA
1239,Jon,ACT
10659,Yung Timmy,ACT
8049,Keanu,VIC
3921,Rhyno12,VIC
11755,KFC,NZ
1249,Slurpy,QLD
1780,NModz,VIC
3474,Addstar122,VIC
4670,Baegle,NZ
1931,Swamp,NZ
3017,Tatt,QLD
15816,Tom,WA
11734,Justin,VIC
1687,Harry,TAS
2003,4par,NSW
3149,Juicy,VIC
3753,dangus,WA
1793,Soap,QLD
16867,Tane,SA
18576,rowa,NZ
10668,John,ACT
8297,Gong - VadaVada,NSW
3968,JUCE,VIC
13929,Ever,WA
1053,Vyse,QLD
1489,Turtle,QLD
4010,GF Anthony S,NSW
4101,Bun,NSW
4334,BloominMAn,VIC
8047,End Of Story,NSW
5052,Shikasama,WA
8009,Mast,VIC
4473,TheKukie,NZ
2253,DeezyBreazy,QLD
16468,Mitchell,SA
1664,Kaito,VIC
3609,Shyfrit,VIC
1314,Fudge,VIC
5912,Chow,NSW
3543,Raaizul,NZ
10672,Tyler,ACT
1885,Trout,NZ
2084,Byron,NSW
3148,bbq,VIC
10683,MAXKing,TAS
4123,LexPellen,SA
6995,GaGas,NSW
3392,Cambel,VIC
5925,Birdy,VIC
19731,CugeltheClever,NSW
3304,Lynk,WA
15311,DeadOrAlive,SA
5924,Seal,QLD
8055,Oracle,QLD
4262,Ilikebigboobies,VIC
8051,Melonjuice,VIC
1532,Vincent,NSW
1660,Luminescent,QLD
11759,lach,NZ
16660,RThree,QLD
16108,Ishi,SA
18533,Wheelz,QLD
1539,Ganz,NSW
1627,Arrowskee,NZ
2010,Nick,NSW
1815,Axorr,NZ
5563,Zakurai,QLD
17286,Metal Force,NSW
1253,Salty Pete,WA
1718,TurtleCat,NSW
2223,House,ACT
2536,Rin,VIC
1633,Wooy,QLD
1303,Hyes,VIC
5343,Joerg Hay,WA
17109,Jazz,VIC
16089,Kanako,NSW
15438,Johny2Fingerz,QLD
2130,Sampoo,NSW
6952,Dapto Dog,NSW
3132,Scorp,VIC
15469,Jim Cool,NSW
16005,Butt,ACT
15652,Bues,SA
3016,Nunonabike,QLD
8000,P9,VIC
1688,Ben,TAS
8018,Ned,ACT
1311,Downer,VIC
1446,Boris,VIC
15969,Veraxana,NSW
18317,GettinHigh420,VIC
15693,Rog,NSW
2958,Corey,NSW
3150,Dankrupt,VIC
4408,Shaun,NSW
5903,SweetDollaGee,VIC
1157,Forte,VIC
17972,Wattson,QLD
4102,the,SA
4999,HoAN,WA
8455,Lem,NSW
1951,Linoone,QLD
1674,Yoats,VIC
2079,Christian - Gametraders,NSW
2736,Tito,QLD
5512,2Girls1Gus,NSW
1055,Sirias,QLD
5375,Dabb,NZ
5376,Cody',NZ
1371,Touko,VIC
1515,Ef,VIC
5483,La Flame,VIC
3905,SolidGoldFiddle,VIC
2933,Jesus Christ,NSW
1538,Raindanceman,NSW
2106,Woobs,NSW
19447,danroe,NZ
5794,cooldude42069,VIC
1586,Extra,VIC
2078,Rumple,NSW
9486,Sirus,QLD
4427,Dan,SA
3281,CJDJ,NZ
2551,Leethal,QLD
5467,Peter,TAS
3639,John,VIC
5527,Bevo,NSW
5279,breadstick,VIC
4616,Faz,VIC
3135,threnody,VIC
10691,Sass,NSW
2069,Paul,NSW
2092,Fez [old],NSW
4708,Tim,NSW
3307,Bees,WA
3529,Reef Salter Stephens,SA
3616,Freddie,VIC
4006,Ray,NSW
1206,eltoNNNNNN,WA
1307,Flog,VIC
16423,huske,WA
13867,Quib,QLD
13990,0zai,NZ
1514,Zacurai,VIC
3893,DoughBoi,NZ
3549,Mike,NZ
4052,Cono,VIC
1775,Jdizzle,VIC
3186,Debaster,VIC
1841,JEANS,VIC
1587,SKG,VIC
17079,Phosphate,NSW
18532,rdwrd.,QLD
3070,Sonder,QLD
1278,Jono,WA
1234,1der,ACT
5507,EmanSaur,NSW
8023,Jonny,ACT
4312,Glissy,NSW
1122,Jamage,SA
1359,Flukey,VIC
4103,S,SA
4020,Pyjama Sam,SA
5609,StabbyJ,SA
5075,Jace,SA
2753,Kier,VIC
4130,Nil,SA
11711,Magician,NSW
1183,Errol,ACT
1502,Salad,VIC
5838,NXZ,QLD
1366,Slamdvnk,VIC
1378,Snoc,VIC
5239,Zyzz,NSW
1621,Miracle Penguin,NZ
4146,Banshee,SA
3238,Tom,VIC
1930,THRILL,QLD
5906,EZMac,VIC
1082,Josiah,QLD
5390,20XD,TAS
3598,Rush,WA
4030,Connor,VIC
4121,Super,SA
2096,Con,NSW
1613,cAKE,QLD
3556,AND,VIC
15163,Cowboy trickshot,WA
3764,Rick,VIC
3277,Mat,NZ
4676,Dan,VIC
5905,GotMilk,VIC
5062,Scott/Max,QLD
4026,PAC,VIC
4049,Justyboy69,VIC
4338,Bee,VIC
9582,GorillaDickDaddy,QLD
4357,Olah,NSW
2694,Nido,VIC
18921,HavocDog,SA
19575,ricyfood,NZ
2572,Chins,TAS
2564,Sam Drew,QLD
4383,Carlos Zos,ACT
5046,Boomer,WA
15586,Slash,VIC
1125,Nikes,SA
13858,arch,VIC
3546,iDeeKay,NZ
1855,KDOS,QLD
1864,Conan,VIC
7977,Maccamass,VIC
16487,Pinkie,QLD
16846,miffy,WA
9572,Kief,NZ
4331,Jacob,VIC
4118,coindoughnuts,SA
3933,Doom,VIC
15242,Michael,SA
5043,ThomKing,WA
15658,Faelyon,SA
4972,TmTa,SA
1756,James,SA
4050,CacaLongGhet,VIC
4202,Bryn,NSW
3312,Byrn,NSW
4109,KillJ,SA
2224,Jarr,WA
8278,Gong - Ethan Bradbury,NSW
1567,Pugnator,SA
1748,Mushiman,SA
3550,Matt,NZ
5192,PhilDaRed,QLD
3189,Munby,VIC
4353,Brandon,WA
4539,Plague,VIC
9577,Joshie,QLD
19582,Zoditick,QLD
18607,Jjef,SA
2750,Kewlkid,NSW
5040,Clover19,WA
13877,lagan,NZ
5700,Imlah,QLD
1167,Crashoverride,QLD
1412,davinchau,WA
5112,Hero,VIC
3853,Trip,NSW
4016,Bing,WA
4620,Crandall,WA
15257,kmw,NSW
3011,Setsulko,QLD
3063,Brian,VIC
15441,IntenseQuack,NSW
16088,Sourapple,QLD
17055,MikeTu,NZ
17509,Joeyboi,VIC
8104,E-1,NSW
15446,Jerry Swan,NSW
15483,Asian Turk,NSW
3429,420XX,WA
4796,Demon,NSW
1325,Rhastingo,QLD
8236,Gong - Riley Grogan,NSW
8339,Gong - Will Mark,NSW
2189,Azza,NSW
3106,Slothina,QLD
4143,Von-Icht,SA
1119,Nix,VIC
1792,CTRL,QLD
4733,Kss,QLD
3737,Chex,NZ
2913,Moonups,WA
4316,Deniz,VIC
4229,Dodo,WA
2255,Fahkim,QLD
4145,Peldogg,SA
4111,Legend,SA
4313,DN,VIC
2289,Rimey,WA
6975,Birdseed,NSW
10666,SquigeyLuigi,ACT
2435,Pat,NSW
3396,Harry,VIC
15477,Hytek,NSW
5119,JACS1818,VIC
5076,TRC,SA
1534,Lucas,NSW
1361,Generic,VIC
3652,Penwick,SA
15409,HikerNob,NZ
2242,CHKN,NZ
2111,Steve Buscemi,NSW
4360,Pisshead,NSW
2852,Shomtan,WA
1967,JHeards,VIC
1914,RosalinaSama,WA
1373,Mavrek,VIC
1767,TweetyPurd,VIC
1675,Andy,VIC
4119,solar+lunar=pikachu,SA
4356,CTR,NSW
3967,Rob Dogg,VIC
15158,Computer+,VIC
1124,Mozza,SA
3989,Xenon,SA
6963,Green,VIC
3713,Wanye,WA
1171,Invisi,NSW
1685,Nacht,TAS
2700,Iyavana1,VIC
4252,Dwayne,VIC
17557,Osven,VIC
4475,Mighty_Mike,NZ
2142,Donato,NSW
1416,Copycat,WA
17620,Chayme,VIC
16194,CORG,NSW
1947,Trunkle?!?,QLD
3375,DI,VIC
2493,Alex - Gametraders,NSW
1054,Ken,QLD
5406,Conor,TAS
3448,Dylen,NZ
4449,Andrew,VIC
3986,Derp,SA
4033,CoDex,VIC
3473,DarkD4n,VIC
5778,Cake,SA
1527,1carus,QLD
1282,Tux,VIC
3087,s_f,QLD
4261,Ilikesmallboobies,VIC
1992,Grur,QLD
2401,Bryan,NSW
17941,Rhasta,NZ
17211,Fidilduck,VIC
2506,Christien,NSW
5403,AyyLmao,TAS
15636,L33,SA
4808,Styx,NZ
4388,S2 Kevin,SA
1462,Weeg,VIC
4296,Hamish,SA
1835,Sceub,QLD
8126,Ned,NSW
9468,sinatra,QLD
16263,Trace,SA
19361,Andrew Chua,NZ
8106,VT,WA
1629,Glint,QLD
4434,Jann,ACT
15140,Delve,QLD
15482,Primed,NSW
5273,Alfonzo,VIC
4018,Chronic,WA
4138,dunnanddusted,SA
15173,nothx,NSW
8091,Danny,QLD
1913,the heron,WA
3155,droolz,VIC
3539,Ben,NZ
4666,Azz,VIC
15578,RTPI,NZ
1641,Fank009,NZ
19537,Garfield,ACT
2758,Eros,QLD
1884,Kiwicha,NZ
12802,TronzZ,NSW
1852,Zonks,VIC
5900,Bringa,NSW
3726,Met,SA
3400,Sadboy,VIC
1642,Danog,VIC
11708,Rainer,NSW
2520,ft,ACT
18173,Ash,ACT
18390,sleepiiibunniii,NZ
1243,Killy,NSW
5131,Stral,QLD
4093,Feq,NSW
16892,beachnik,NZ
19595,lewdelli,NSW
4569,Cameron,ACT
3548,Razl,NZ
3655,Reagan,SA
1712,MapleMage,ACT
4127,NsaibotJr,SA
11781,Blue,NSW
4291,Chrissydawn,SA
2088,Vincent Tenia,NSW
3160,Dactyl,VIC
2813,Julian,QLD
3789,Gringle ,NZ
3758,Jack,VIC
5041,Dyco,WA
5477,Fair,VIC
5047,OlJimGrizzigsby,WA
5087,Serenity Now,QLD
4637,Daddy Ganny,VIC
5120,Dean,VIC
1551,Boduj,SA
1509,Pudge,VIC
1297,bylim,VIC
5274,Tyler51060,VIC
2887,Jabroni,NSW
4116,Jazza,SA
4054,NogatCentered,VIC
2215,Murkiri,VIC
1426,Simon,VIC
2004,Thorpenado,NSW
1722,Zua,VIC
17287,Filler,NSW
2553,Tyran,QLD
6929,Binks,NZ
1463,Dusa,VIC
5364,Jakalanche,QLD
5240,Lush,NSW
4948,Mage,WA
3955,Alex,NZ
4609,Helium,VIC
3535,Pen Ninja,SA
4343,Wulfis,VIC
4483,Pork,QLD
1809,Cerphres,NZ
16432,Yes,WA
5168,Pattata,QLD
5404,LF222,TAS
1470,Crimson,QLD
5425,hambo,QLD
5393,Breadstick,TAS
3825,Butch,SA
3951,Tuke,WA
3698,Marlon,NSW
8127,OJ,NSW
19212,Levron,NZ
4432,Troy,VIC
19819,Rabbit,VIC
4361,GBZY,NSW
4236,Lan,VIC
4201,Juno,NSW
2444,Joey,ACT
1669,Bigfatelli,QLD
3603,Pres,VIC
19775,Fake Gucci Sandals,VIC
5048,Spax,WA
5752,PGA,VIC
5475,LooseGoose,VIC
15053,Spoo,NZ
1510,Lincoln,VIC
15136,Fiskit,VIC
5382,Sharp,TAS
18966,Chief,NZ
2571,Boopleshank,TAS
4482,Jonti,NSW
4295,Fergy,SA
5761,British Rice,NZ
8322,Gong - Jackson,NSW
5366,Zubola,NZ
4084,I.b.b,NSW
2071,Lachlan,NSW
1732,BLU,SA
8469,2tung,NSW
17083,Sodaman,VIC
16978,IcyK,NZ
2456,Buttsy,NSW
2095,Uber,NSW
2659,Kenlith,QLD
4139,xxx_weedsnipars69_xxx,SA
4725,Calamity,ACT
4734,Fluidity,QLD
5433,Streetsy,TAS
1474,Tears in Rain,WA
1659,Vasi,QLD
1645,jafanz,NZ
3308,Unleashed,VIC
15176,Parranoid,NSW
4246,Jake,VIC
4250,YungNess,VIC
1580,GIRL,QLD
5044,Valheru,WA
3979,chumz,NZ
3393,Daktyl,VIC
11775,Adeptus,ACT
18314,Heimlich,VIC
1604,Pimp,QLD
8321,Gong - Tom L,NSW
4297,Beans,ACT
17511,Mongo_is_me,VIC
4186,Punchkillian,NZ
3935,Julz,VIC
1976,The Sharpness,VIC
3237,Nick,VIC
1794,KSutto,QLD
1161,Scrail,QLD
4836,Argo,VIC
4467,Heyeze,VIC
17328,Ludovician,VIC
16049,MetaBhreat,QLD
8210,Gong - Nicholas Jovanovski,NSW
2235,Seeton,SA
4468,Plaege,VIC
4151,Bill,WA
10670,JHFly,ACT
2131,MOO,NSW
2734,Bloom,ACT
3553,Frisco,WA
15418,Opal,NZ
15142,Lucijutsu,NSW
5577,Sadbois,VIC
1362,Hobs,VIC
3394,Andas,VIC
5160,Glyph,QLD
4332,Tap,VIC
18145,Eggcellent,VIC
16394,dunkMATTic,VIC
4240,Kweh,VIC
18950,OEW,NZ
12803,It's Kyle,NSW
8296,Gong - Frothy,NSW
4572,Remy,SA
1535,Enn,NSW
1217,Zen,QLD
1120,Btmans,SA
5430,Hitmonsteve,TAS
5377,Nabb,NZ
1465,LiFT,QLD
3613,Medim,VIC
3449,Jimmy,NZ
9552,chats,QLD
4618,PekingJ,NZ
17338,Viiv,NZ
4125,gettinitdunn,SA
4132,Riddim,SA
3140,Streets,VIC
4113,Little,SA
4051,Lucy,VIC
3168,Gibb,VIC
8350,Gong - Lena,NSW
17405,JBAE,QLD
10601,HughManChu,NZ
4097,Snow,NSW
3338,Updown Moons,WA
1403,Mar,VIC
1402,ChuJelly?~,WA
5767,LAZY,NZ
5526,Grimz,NSW
3656,Dubs,SA
3856,LenNox,NZ
2368,Chris G,NSW
5446,Dreep,NSW
17812,LargeMarge,TAS
16879,Savaii,NZ
18141,botmij,VIC
3139,Snackboy,VIC
8233,Gong - Mitch Honer (CP),NSW
4098,Linkitivity,NSW
1241,Numl0cked,QLD
1197,JuicyPenguin,QLD
5317,Flood,NSW
3391,RoyToy,VIC
3362,Double A,NZ
4617,Gianni,VIC
10681,Andrew,ACT
15103,Slothmaw,NZ
4367,Moast,VIC
16601,shockwave,VIC
15723,Ozz,NSW
2634,Cassius,WA
1847,Jorah,VIC
15076,Trent,WA
5539,bombin0,VIC
5797,Jim Hawke,VIC
3611,Hui,VIC
3811,Dylan,WA
2128,Brin,NSW
3013,BBQ,QLD
4129,Illuminati,SA
4120,Fire Chief 20,SA
16481,Ishy,SA
3929,bobbing,VIC
1563,Leuwin,SA
1887,Kefe,NZ
8478,Rren,VIC
8143,EAZY,VIC
1438,Ben,VIC
15549,jyetheguy,WA
3984,Hellfire,SA
4775,Brodire2012,QLD
3450,GreenLightn1ng,NZ
3755,N/A,WA
3835,LL Kent clark,QLD
3305,Luke,WA
5841,Big Pop,QLD
5169,CANADA,QLD
5298,Ash,NZ
1199,Mesey,QLD
1181,Ed32,ACT
6934,Dawr,NZ
1670,Nommad,WA
1315,Tomo009,VIC
19800,Hikraki,QLD
15005,NRC,WA
15239,EWF,SA
16941,Reno,NZ
17820,Egg time,NZ
18316,Spacie Zane,VIC
3152,Kant,VIC
4369,Forrest,NSW
4150,MEDS,WA
4781,KiwifruitKoala,QLD
15919,fireproof,NSW
4650,Soul,WA
3517,Kevin the Pumpkin,SA
3750,Marcus,NZ
4674,Magnum,VIC
1317,Juci,VIC
1709,Cream,WA
10675,Yuka,ACT
2820,Royza,QLD
2811,Thelly-H,QLD
8397,TheLegend27,NZ
8473,Rubberdougy,WA
8246,Gong - OlioTS,NSW
19066,N/A,NZ
19272,Charles,WA
8262,Gong - Harry Wright,NSW
13906,cffx,VIC
15934,Victor,NZ
1409,Dave&,ACT
5640,Kingo,NZ
3790,Dylan,NZ
3406,Rousd,VIC
4541,Wheat,VIC
4511,Alex,VIC
4610,DFaz,VIC
3282,Moo,NZ
15817,Wilson,WA
4904,TheWalshinator,VIC
5095,ANDY_WARB0UND,NZ
5554,Dib,NZ
5399,Kibble,TAS
1451,Cheezy,VIC
1585,Neeson,VIC
1517,Magnus,VIC
4404,Wimplo,QLD
4152,762,WA
1293,HopeDealer,QLD
15464,Sweggington,NSW
5079,Welp,VIC
5113,Tibbers,VIC
2962,Funkeh,NSW
3523,Alectro,SA
3358,jbee,NZ
1339,Ignis,VIC
1698,Nuffball,NSW
4242,MFN,VIC
2888,Promo,NSW
3230,AngusRoney,VIC
9532,Denholm,NSW
11713,Tinki,NSW
1838,Dixie Cup,VIC
17082,Andos,NSW
17282,Almenara,WA
13876,Momentum,NZ
1846,Mfrek,VIC
6976,Bruin,NSW
2535,Nubs11,VIC
4133,HappyFace,SA
3384,Collin,VIC
3536,Girls,SA
1376,Flow,VIC
4079,Flipper,NSW
3119,Harley,ACT
2850,Adam,NSW
1879,GORILLA-STRONG,NZ
13907,Yoda,VIC
13977,NoScrubUK,VIC
2544,TABS,NZ
2660,blasko,QLD
2628,GTG,WA
1654,krakoth,NZ
5428,mattyboi,QLD
5418,Harlsta,QLD
3754,Seven,WA
6964,shardsies,VIC
5871,Jai2Go,TAS
16889,SpaceApe,NZ
16940,Manbearpig,NZ
17058,Getty Images,NZ
5532,MatthewBrayPark,QLD
15702,BANDIT,NSW
3785,Dan,WA
3798,ethanol,SA
3612,Ldub,VIC
3157,EssGeeRoy,VIC
10623,UnoPro,WA
9446,Papi,QLD
2008,Buddfox,NSW
4205,Wololo,NZ
3398,Ruckus,VIC
4677,Llonghet,VIC
5374,HashSlash,NZ
18258,Hella,NZ
16001,Angry Mum,NSW
15952,Dr Goblin,NSW
1056,Dino,QLD
4405,Fantesticles,SA
3643,Han,WA
3782,Sheckle,QLD
2696,Jamball,VIC
13947,iBexal,NZ
8133,Coltrain,NSW
1933,SephPro101,SA
8329,Gong - Jordy M,NSW
5835,BigBoy,QLD
2706,Dombledore,QLD
2670,PP.D,NSW
2230,OKCOOL,WA
3483,Parzival,WA
4340,Braindead,QLD
1570,Lem,SA
1594,Gem,VIC
16477,Dynasty,SA
19494,Hadow,NZ
18007,Mr.Qwilliam,NZ
19777,Yug,VIC
3820,Bygboi,NZ
3952,FISH,WA
2726,PONGUS,NZ
4053,TK,VIC
4238,Drop,VIC
18579,Chèz,NZ
1787,Sable,WA
1868,KOKESHI,NZ
4114,fox,SA
3131,Sma,VIC
15572,OMEGA_SENSEI,NZ
4384,Jackdra,ACT
1237,Chef,ACT
1411,$wagBlood$,ACT
3187,Magnos,VIC
2254,Stern,QLD
2462,Mr Hands,NSW
8145,Qas,VIC
8309,Cabjoy,NSW
4264,Neo,NSW
3819,Navarre,NSW
15437,Juice,QLD
5234,NcyRocks,NZ
1216,Get That Rat,QLD
5100,Kapu_ti,NZ
4675,Pineapple,VIC
4377,Harry Wright,ACT
4225,Antz,QLD
17656,PBtechguy,NZ
3331,Leon,VIC
3086,Ace  QLD,QLD
3233,Bobby,VIC
3174,Mr.Enzo,VIC
8320,Gong - Jonathon,NSW
2120,Read,WA
2258,Trojans,NSW
16815,CheMarama,NSW
10669,cio,ACT
11769,Chef,NSW
2199,Zeus,NSW
2264,JERD,WA
8260,Gong - Michael Willis,NSW
8020,Lackle,ACT
3173,Taverra,VIC
3559,Hazzacka,VIC
4013,Andy,NZ
4973,Perl,SA
1313,Naga,VIC
5635,Humus,NZ
5540,Benji,VIC
1182,DGH,ACT
3978,end,NZ
2259,Despii,QLD
17171,Redward,SA
3336,Zef,WA
5061,Lux,QLD
3780,Wang,QLD
3756,I dislike Peach,WA
5447,Dozza,NSW
18965,CCP115,NZ
19666,Seal,NSW
5548,Green_Tea,NZ
5415,Joel,TAS
1653,massi4h,NZ
3684,Kuro,VIC
3714,Klog,WA
3185,TomsyTurvy,VIC
3010,Wiimotionl,QLD
8121,tioN,NSW
5256,Cornelius,VIC
4900,John Doe,SA
2552,Couttsy,QLD
4142,prediee,SA
4144,Smithie,SA
4358,Indecision,NSW
2538,Clover19,VIC
1924,Horde,VIC
9485,Virtual Livestock,QLD
12830,Joz.,QLD
4902,Ting,NZ
3095,Beeky,QLD
5518,Decles,NSW
5497,Strange,NSW
5427,dacka,QLD
3653,Hiya4321,WA
15270,ayylmao,VIC
5235,Spookety,NZ
3892,Tisk,NZ
8242,Gong - Pie,NSW
3165,ninga,VIC
15236,Yellow,SA
15480,Nattanyel,NSW
17198,Mosa,ACT
4359,Lube,NSW
4381,Alex Astudilo,ACT
2278,BigSizzle,WA
3796,Callum,SA
5485,OM: III,VIC
5549,Weyden,NZ
5355,Passen,NSW
16806,bean,NSW
16895,Lab Coat,NZ
17784,Kolpa,VIC
1492,Maxwell,QLD
3797,LoveChunks,SA
3161,Faym,VIC
4608,Riley,VIC
3116,WestonDeniz,ACT
4110,ShadoeX,SA
18519,Naga,NZ
4124,Paul,SA
1631,Hacno,QLD
12801,Poopoomagoo,NSW
8454,Rang,NSW
3385,Doctor Bondong,VIC
4387,Ryu Gosling,SA
2447,Galo,NSW
15012,OSU,VIC
3532,Benjamin Riches,SA
5231,Squadallama,NZ
1746,Hype,QLD
5864,D4C,QLD
1778,Futz,VIC
3925,Durry,VIC
2912,Uguubee,WA
3795,Spag,SA
3547,Line,NZ
2347,im23bro,SA
2815,FingerFrost,QLD
2769,Journals,NZ
9477,Shef,WA
4280,Ceilly,SA
3388,Dave,VIC
8109,Ewel,WA
5910,Red,NSW
2334,Vex,VIC
1595,Flex,QLD
11712,Will K,NSW
3288,Jack,NZ
4450,Cam,VIC
1657,P_Tang,NZ
1226,DD_,VIC
6937,Duke,NSW
5233,Keigat,NZ
5442,Prince64,NSW
1196,Cole,NSW
3743,Gavin,NZ
15241,Mash,SA
15447,Icey,NSW
3430,Archimedes,SA
3080,Milkshakefever,QLD
4464,laurence,VIC
8208,Gong - Haakon Thompson,NSW
8267,Savino,NSW
8144,BLAZING CHAOS,VIC
1468,PapaCheese,QLD
18191,hard3r,QLD
17466,Cosmo,SA
8033,The Solid Midget,NSW
1973,Will Smith,VIC
4362,Michael,QLD
4481,Reno,NSW
4131,Crystal1234,SA
4671,Titan,NZ
3098,VanillaThunder,QLD
4568,Jackal,QLD
5185,Deep Magic,NSW
3931,Johnald Mahogany,VIC
4819,Josh,SA
1123,SethT,SA
1591,ACrush,VIC
4538,Lappo,VIC
4452,CM,VIC
3190,Shablagoo,VIC
3821,juangorena,NZ
4126,LittleBloss,SA
3309,Jayd,VIC
3219,Plyke,VIC
3151,Scum,VIC
4466,Caleb,VIC
4354,Dunk,NSW
15227,Kai,VIC
16485,Vinosaur,NSW
16684,Migoss,SA
15197,Oatmeal,SA
2658,Necro,QLD
4134,Pelldogg,SA
4055,Royst,VIC
2166,Phokus,NSW
3469,Marln,VIC
3407,BBomber,VIC
3930,JumpSlash,VIC
5831,Paradise,QLD
1166,Emery,QLD
1191,Scoot,QLD
5414,Nameless,TAS
1319,Yosh,VIC
1528,Pure,QLD
15751,Cheekimelon,NSW
3953,Dean,NSW
5042,Hyde,WA
3791,Laura,NZ
1854,Naito,QLD
8482,Void,NSW
2731,Blaz,NZ
2566,Sep,WA
2076,Smiley,NSW
4141,No 1 Peach,SA
4279,Pichy,SA
4292,Born Avenger,SA
4294,Tobby,SA
4004,Nocebo,QLD
15640,Jordan,SA
1274,Daniel,WA
1519,Tim,WA
3712,KLUG,WA
3399,Aikaboy,VIC
4293,Emmeline Wolf,SA
4366,Vincent,VIC
17494,Aron,VIC
4135,FLY,SA
4315,Ellias,VIC
4406,Zangalang,NZ
8161,Gong - Matt De Jongh,NSW
18578,Slamdogg,NZ
16676,Lenti,VIC
2122,KingKettz,QLD
1630,Jazkat,QLD
4363,is it a banger?,WA
15644,Sloshi,SA
4122,Colihx2,SA
3019,Prunejuice,QLD
2626,Akay,QLD
2602,Pete,VIC
3807,Nojo,WA
4063,Yowe,NSW
5232,Yuya,NZ
4831,Pisani,NSW
5911,Nomad,NSW
4944,Mag0Lag,QLD
5407,Remmi,TAS
5829,Nicc,QLD
3722,Matt,SA
4579,Daniel P.,WA
4531,Michael,VIC
5520,Spouge,NSW
2548,Pawky,NZ
3932,Noodles,VIC
13916,Glam,NSW
8491,Ctrl-Z,WA
8281,Joseph Fitzpatrick-Fuller,NSW
1581,SJ Groose,ACT
2246,Frank,NSW
10614,Wheelz,VIC
3615,Richter,VIC
3778,Aln,QLD
1218,Testikills,QLD
1231,Leonsii,NSW
19142,Aussie,SA
18312,Clemancholy,VIC
16942,B2k,NZ
1310,SurPr15e,VIC
1408,AAAce3,ACT
6955,Angus,NSW
4669,Tolaez,NZ
4613,Aies,VIC
5533,Prunso,QLD
2569,Rush,QLD
3928,mumbles,VIC
2851,Gresh,WA
4364,Shy,VIC
4355,Brit,NSW
4206,GDMS,NZ
1691,Swamp,QLD
11715,Angus C,NSW
13850,Tangry,NSW
11783,Maxy,NSW
1765,Passengerm,VIC
8442,Willem,NZ
6993,Rich,NSW
18878,HSmileyFace,SA
2972,Rainth,QLD
2663,Kurama,QLD
4678,Garfi,VIC
3667,RPto,WA
3961,Mordecai,WA
3969,Xtm,VIC
3896,Marcuz,NZ
15689,Citrus,NSW
1662,Iroh,QLD
1324,Neemie,QLD
1304,Amaterasu,QLD
13987,crazyhead102,NZ
3654,legs,WA
4573,RSCL,SA
4224,Zac,QLD
4382,Sw0rds,ACT
4281,Justin,SA
10657,Az,ACT
2114,Ilex,QLD
1821,The13thDoctor,NZ
16110,Nova,VIC
18187,Mr. President,TAS
18259,Rich,NZ
6978,Bozzie,NZ
8396,TheLegendKiller27,NZ
8456,Antman,NSW
1507,Richard,VIC
2093,Michael - Gametraders,NSW
3468,Jorloff,VIC
3895,Logan,NZ
4793,Benjie,QLD
5595,BoopityBee,WA
1042,Apollo,ACT
5432,Becslookalike,TAS
5077,Bombo,SA
5271,Ultranative,VIC
15849,Veness,NSW
15416,Vontell,NZ
6932,Plaz,NZ
2105,Cosmo,NSW
4172,dm5k,WA
1455,Eden,VIC
5839,Overman,QLD
5930,Wonderstale,ACT
2314,Kaizer,QLD
10676,Connors,ACT
11714,Slik,NSW
15851,Yuzu,NSW
18190,scrummychungo,QLD
1856,Runt,QLD
6994,Baz,NSW
3443,Stick,WA
17657,Child_Of_jesus69,NZ
2203,NINjA,NSW
4574,ZEF,SA
3852,Timbo Slice,NZ
4100,Luda,NSW
5215,smartea,NZ
6953,Pi,NSW
1413,JonCheee,WA
8112,RedoxKing,VIC
4837,Nxfraga64,VIC
15406,Snow,NZ
15422,Shlamp,NZ
15153,Bananafish,NSW
4487,Bollywog,WA
4402,Kism,WA
4325,George,WA
4112,egg,SA
8019,Joffy,ACT
3545,Wiggs,NZ
5072,ThickShake,QLD
5350,Chachi,NSW
5836,Negima,QLD
2233,Bear,QLD
1905,Orion,WA
4208,James,WA
3387,Jordan,VIC
4314,avvara,VIC
17493,Pol,VIC
16187,Drgoblin,NSW
15104,Thighvoltage,NZ
3102,Thing One,NZ
3158,M01ST,VIC
9546,DUNO,QLD
4809,Zak,SA
8412,Radic,QLD
1889,GaynWatch,NZ
4787,Ebola,NZ
4881,Sayonarabob,NSW
1358,Plasia,VIC
1500,Majora,VIC
19364,pxnda,NZ
16175,Taka,NZ
13935,Pretzel,WA
3711,Sasha,WA
3709,Danga,NSW
10678,Abhi,ACT
10587,Amaze,NSW
2169,Rukus,NSW
5812,Ants,NSW
9528,Breno,VIC
15141,LUSH,QLD
4184,Blakdak,WA
4147,Stu,NZ
4712,Bieltanman,WA
5385,Sayhnim,TAS
1464,Tabs,VIC
1491,Slamuel,QLD
5386,Sag,TAS
1087,Tomie,VIC
3833,Rod,WA
4368,Tannar,VIC
12821,Deep Fried,NSW
5776,Jasper,SA
8135,RollesRoyce,NSW
4612,Jeremy,VIC
2927,MegaloManiAsh,NSW
15318,eGo,NZ
15639,Oscar,SA
7981,Watson,QLD
5658,Quincy,QLD
1323,Mana (Smash 4),QLD
3637,Stryder,VIC
8343,Gong - Blake Groves,NSW
3250,Bullywog,WA
4117,Dashion,SA
16992,ontik,VIC
2807,Xasthur,QLD
4484,Beef,QLD
2662,Crabs,QLD
12808,Jewbs,QLD
2082,Brownie,NSW
1081,DJCat,QLD
4542,Kom,VIC
4665,Rascal,SA
11802,Kai,NSW
3079,D-Velocity,QLD
4339,Matt the Painter,QLD
3917,Rif,VIC
17548,Bueller,VIC
8115,Chumble,NZ
1496,Bamfudge,WA
3901,ALT,VIC
3923,Domnom,VIC
3924,YES!,VIC
1213,Star,NSW
2213,Bluejay,VIC
1890,RealGief,NZ
13886,Falchion,VIC
18106,Justice,VIC
19000,TheFrostbite,NZ
15174,Mamun,NSW
4237,JD,VIC
5372,Sgtfellover,NZ
5210,Q,NSW
1681,Zedd,TAS
1618,GW6H,NZ
5608,ConeRanger,WA
5387,Bob,TAS
3467,Twistedfatemaster69,VIC
3645,Matthew,WA
3735,HOUND,NZ
3169,Wirthy,VIC
1677,Tetra,VIC
1569,Proxy,SA
8077,Jaykay,QLD
1804,Beans,NZ
3162,imKerby,VIC
3602,Axis,VIC
4709,Dred,NSW
5550,Lsaii,NZ
16109,MarthLover69,SA
18960,Glaceon,NZ
16983,Umami Boy,NZ
5243,Sweetchilli,NSW
15093,AmaliKada,NSW
8487,Proof,NSW
11784,Elusive,NSW
11760,Keshav,NZ
1867,Little Z,WA
3356,Dr Fagget,NZ
2669,Britard,NSW
15351,Big El,SA
5080,Jilly Bean,VIC
5328,DeDeDez Nutz,NSW
15713,Jinxamus,NZ
16173,MNOOB,SA
3471,Trigger,VIC
2521,Muppit,WA
9456,Hanson933,TAS
4115,Dark,SA
15166,Hitmarkers,NSW
5142,Nilbog,WA
3614,suno,VIC
1158,Shaz,VIC
3927,Bagels,VIC
3381,SacredTruth,WA
3922,Shadows,VIC
10679,Roy,ACT
4226,Daniel,QLD
19668,ZSB,NSW
5383,Toonie,TAS
8436,Chat,ACT
1818,LordOfMonkeys,NZ
3996,LHM,NSW
15786,Akechi,ACT
5054,Cos,NSW
15537,Nrc196,WA
3675,Aatu,VIC
5757,E-Dude,NZ
5541,2 +,VIC
8038,Lox,QLD
4082,Iggy,NSW
16439,Qui,SA
2729,Curtain,QLD
6973,AJ!,QLD
1920,Misty,WA
2354,X,SA
3594,Mighty Scrimpa,QLD
3762,Liam,VIC
1531,Patv,NSW
2975,Speedy,QLD
2629,Cherri,WA
16034,ray,VIC
1979,Lucatron,VIC
10680,NateMate,ACT
1858,Smesty,WA
4096,Paul B,NSW
5396,SpecialK,TAS
13853,sicns,NZ
1640,Locurian,NZ
2144,Blacktain Falcon,NSW
3982,Mason,SA
2970,Danzah,QLD
16105,Mikal,SA
17633,Blue Tongue,VIC
3934,Zeal,VIC
4265,jinchigo,NSW
1827,Kid,QLD
8170,Gong - Tom Nieuwland,NSW
9529,Zehl,VIC
8463,Fayne,VIC
1899,BigWin | Beer,WA
15918,Chayme,NSW
1367,NanoHologuise,VIC
1173,Waveguider,ACT
10665,Dovahbear,ACT
8457,Shawty,NSW
3143,Maestro,VIC
13988,babycat,NZ
15573,MisterSeen,NZ
2957,Manwich,NSW
10639,Rukai,NSW
17846,Liki,NSW
17045,Enma,QLD
4173,Denarz,ACT
11690,Lewwy,TAS
12820,BoneBard,NSW
5164,Yutsmeff,VIC
5677,SebPro101,VIC
15729,Hurleycopter,NSW
3666,Matt n,WA
8406,Swate,QLD
1842,Bubby,VIC
15407,J2,NZ
15494,Profile Name,NSW
4002,$2Shrub,QLD
19820,Maverick,VIC
5365,Danby,QLD
1202,limes,QLD
1473,Sifo1,QLD
8459,Nick2,QLD
2373,Ambrosia,NSW
2109,Music,NSW
9496,Dave,QLD
1472,Hinchy,QLD
1062,ViVa,VIC
4782,SadHour,QLD
1925,FistingForJesus,NZ
13989,MRLobo,NZ
2107,MadDogJono,NSW
4251,Switch,VIC
4476,AFRO_NINJA_NZ,NZ
5525,Fizz,NSW
1294,Arby,QLD
1652,Vincent,NZ
16938,Milk,VIC
5843,Roadhunk,QLD
1133,Wh1te5had0w,SA
3427,Retroca,NZ
2413,Grumbley,QLD
4567,Nakh,QLD
3416,Dyna_Hole,VIC
4017,Hi I'm Daisy,WA
15205,FC,QLD
3718,TG,SA
3731,Eden,SA
5245,Jonga,VIC
1573,Will,SA
11779,Kyle,NSW
1980,L Fresh,VIC
1806,XLP,NZ
1997,Ownejj,QLD
2484,Joe,NSW
9484,Tominator,QLD
2636,Water,WA
1503,Noway,VIC
3503,Lion (Mec),WA
3710,Campbell,WA
2953,Caleb,NSW
18849,Finrei,ACT
5764,Finfiltration,NZ
3088,JOSH,QLD
3781,Coon T,QLD
3333,Andrew,WA
5574,BigWin |TheGRV ,VIC
1590,Space Coyote,VIC
1682,Crash,TAS
3472,Yourself,VIC
4270,B-Funk,WA
6972,Gruz,QLD
3926,Phil,VIC
3137,nougat centred,VIC
2914,Jin,NSW
3774,Isaac,VIC
16935,St. Avalon,VIC
17430,ToeSocks,SA
19814,Lock,VIC
5278,Enguard,VIC
3980,Zack,SA
4403,JHK,NZ
1453,Jutto,VIC
5391,Mort,TAS
4239,Yerfdog,VIC
4286,SleepingEggs,NSW
5517,Ethan,NSW
1776,Burap,VIC
8447,SpangBang,NZ
3144,Wise,VIC
1730,Syronade,SA
5450,Calculator,QLD
1916,Shiva,WA
1777,DJMertza,VIC
1880,GammaFox,NZ
16357,Chef,WA
1418,Code_E,QLD
15577,badmanchief,NZ
5111,robotsauce,TAS
3431,Dragon,SA
5423,Zedmb,QLD
1247,Thatch,QLD
9542,Myrg,VIC
1921,BT Smith,WA
3096,hunter,QLD
2448,Serah,NSW
2198,Thrillhouse,NSW
3159,BlondeBeach,VIC
2319,Sketch,NSW
1476,Casper,ACT
5686,Simple,VIC
3783,Kero,NZ
8403,alpacas,NZ
8466,OUT,VIC
1603,Sinner,QLD
4471,AR,QLD
3428,FLOB,WA
15661,Kale,SA
1147,EVAL,NSW
18315,itchy,VIC
5478,Groovejet,VIC
1211,Nonco,QLD
15249,Katsune,NSW
2450,YB,NSW
1801,Shuffle,QLD
3156,WIMP,VIC
15637,Sly,SA
3541,Bagel,NZ
5840,Raf,QLD
13984,Arahshii,NZ
1098,Arrow,QLD
6997,YUNGWEEN,QLD
1549,Donut,SA
1493,Metaxis,QLD
3397,Jace,VIC
9493,Isaac,QLD
11716,aido,NSW
13882,Indecision,QLD
3651,Edy,SA
15222,ComputerPlus,VIC
1721,Robsta,VIC
2988,Dawnfire,WA
2179,THE247GENIOUS,NSW
4472,Garuda,NZ
5770,cheese,NZ
16990,Ratboy,VIC
16807,doomsayer,NSW
16464,Esto,NSW
3001,Double Harold,QLD
4486,Nic,WA
4916,Morotai,QLD
5424,Tim NSW North,NSW
16636,muffins,VIC
18964,swanking,NZ
1219,Undead Moose,QLD
5814,Salamanjro,NSW
3279,Matt D,NZ
2727,FOH,NZ
2184,Damo,ACT
8179,Gong - Rhys Dunn,NSW
2360,Amph,VIC
2597,Chow,QLD
2612,GravySupreme,TAS
4300,Sam,QLD
3191,Murphy,VIC
3779,Turner,QLD
1530,Watto,QLD
5360,Saker,QLD
2228,GoogleMaps,SA
1862,Yellow,VIC
16694,JayBird,NSW
10671,Dory,ACT
1230,AzuraSarah,VIC
5736,Lumidyne,NSW
5806,Day,NSW
19776,Jimmo,VIC
5931,Stark,ACT
12817,Isak,NSW
8134,Bmon,NSW
9564,Lung Spiders,VIC
2686,McJobo,QLD
4333,Olaf,VIC
4451,Haz,VIC
4232,Harry,WA
2121,RamboAz,WA
5798,Fran,VIC
4003,Pelt,QLD
15411,Elderhide,NZ
1354,JLo,VIC
2389,XatuXach,NSW
5070,BCAF,QLD
5045,Bad Manners,WA
2979,Edawg,QLD
4554,SleepyRookie,WA
1248,Bizz,QLD
2394,Valadus,NSW
9530,James3927,VIC
10635,Mot,NSW
2257,Exist,QLD
8086,Kydro_,NZ
4914,MCBA,QLD
5324,Agent Orange,NSW
13883,HT,QLD
3814,Leon,ACT
3707,TheRaper,VIC
1460,Song,VIC
16081,captain_snack ,NZ
4792,Jezza,QLD
4742,Sekhi,NZ
2355,Tristan,SA
3081,Frik,QLD
2800,Nix,QLD
10673,Tibbers,ACT
5617,Tayoesicc,NSW
5241,Wucas,NZ
8464,zXavier,VIC
1857,ST9,VIC
15929,Solas,NZ
10663,Monk,ACT
3268,Mitch,WA
10649,Gracetail,ACT
12814,Dampé,VIC
3464,Clippo,VIC
4724,Megan,ACT
3708,McPiss,VIC
5429,Varous,TAS
5842,Tcoom,QLD
1861,Llama,SA
2002,SuperHiero,NSW
8212,Gong - Zerokt1,NSW
3278,c-dawg,NZ
1188,BlessedMilk,NSW
1445,XXXX,VIC
3995,Jim,NSW
2725,Link,WA
1400,G-man,NSW
16261,Royboy,SA
15324,Stiffkittens138,QLD
2748,Cherry,ACT
9507,Shmu,NSW
11703,The Chuckstah,NSW
2770,Jesse,NZ
2090,Xaviar,NSW
15471,Nikita,NSW
4301,Casey,QLD
8462,TheBooper,VIC
16826,Pippy,WA
1834,Barcoo,QLD
8341,Gong - Matt Westlake,NSW
2849,Framah,NSW
8402,AidanWickes,NZ
4761,ALH,QLD
17030,Mitch,SA
15014,Smoke,VIC
8050,czarface,VIC
1356,Zivhayr,WA
5132,Gogole222,QLD
1405,Scuba,ACT
8176,Andrea,NSW
10595,Dudeboy,QLD
2086,Jeducation,NSW
3357,Arjun,NZ
2540,Antec,QLD
15850,Sponge,NSW
3163,.b,VIC
1384,Rooster Scrolls,QLD
5400,Grandi,TAS
1883,Rafifty,NZ
2348,Taco,SA
14994,Crash Dandicoot,WA
8075,Adam Sandler,QLD
2745,Dr_Jim,QLD
17661,diamond1243,NZ
1478,ClassicJono,QLD
2417,Barbie,NSW
8399,RiverSendra,NZ
2554,Bagera,QLD
3994,Den,WA
1772,CRUNC,VIC
1919,Filthy,WA
1480,Z4,QLD
1837,THE GWIF,VIC
9531,Pete,NSW
5397,AddictPark,TAS
3659,PeasantsOMFG,WA
5426,Blisket,QLD
1910,cmk,WA
8505,Ganof,QLD
2672,Flanders,NSW
19149,AlastairBL,NZ
8413,Brydee,QLD
2293,BDawg,WA
3065,Wildman Jack,NSW
2965,Millificent,NSW
1459,Rize,VIC
19583,gig,QLD
3742,Simikins,NZ
8504,Madmaddie18,QLD
7000,Fair,QLD
1851,Tyr4n,VIC
5314,DSilv3r,NZ
4918,Kony,QLD
5904,Herj,VIC
1516,Nitten,VIC
1572,Jackdra,SA
3898,Tim,NZ
11800,TheRealMrRental,NZ
4056,Dren,VIC
2549,Endernz,NZ
4570,NANA,ACT
1238,$,ACT
1448,Jandalman,VIC
2237,Ripto,TAS
2123,Lalafell,WA
4077,Broke Dad,NSW
5756,MortaL,NZ
16425,Atlas,WA
4886,Gong - Matheson Edwards,NSW
1407,Pazx,VIC
8074,MushroomSurprize,QLD
11804,UltimentM,NSW
11761,Manray,NZ
2015,Ostrich Bacon,NSW
2752,Llamas,NSW
5194,Jacko,SA
3920,Dee,VIC
16006,Doozy,ACT
15309,MiyKam,NZ
5266,Queenie,VIC
5547,Nightlife,NZ
2643,TSC18,QLD
5773,Esprit,SA
8284,Gong - Colleen Lawrence,NSW
7002,Know,QLD
1419,Urisk,NSW
3949,T,WA
19823,CalAmity,VIC
2764,drSlump,QLD
3261,Griff,WA
10698,lasngngna,VIC
3703,Mikey,VIC
9479,Andrew Lin,NSW
10646,Uncle,NSW
7976,Ash,NSW
16897,Taurii,NZ
16544,The Bamboozler,VIC
8078,noobar,QLD
8111,byro009,VIC
8411,Comet,QLD
8184,EmBrace,NSW
5050,Kaiju,WA
1428,bebop,VIC
5316,Nuts,VIC
5190,Tim,QLD
2985,thehelpfulbees,WA
1849,Merrrth,VIC
11797,H,NSW
15172,Jawa,NSW
16950,Kdog,NZ
1432,Jax,VIC
8503,Tired,QLD
1648,Quamoulaam,NZ
9557,Father_Ragoo,NZ
8408,Kumatora,QLD
8016,Andos,ACT
15598,MAMP,ACT
4807,Cuplaser,NZ
3463,Palirock,VIC
1770,Rakin,VIC
15472,Circle,NSW
1705,Marz,VIC
17988,kizz,VIC
15231,Mr Snak3_,VIC
1363,Poop,VIC
1350,Cecil,QLD
1707,Hibiki,VIC
5408,Dominic,TAS
17181,Guts,NSW
17654,Skyyyyyy,NZ
3340,Spiffy,WA
5913,Spongey,NSW
1649,Viny,NZ
1696,Dylba,VIC
1833,DerpyMe,QLD
5799,Zonda,VIC
2398,Aki,NSW
3455,Chu_Pikachu,VIC
3113,Rane,QLD
1477,lime,QLD
5394,CornDawg,TAS
19821,Marlon,VIC
8082,JaJJy,NZ
3009,Potato,QLD
5071,BAKZ,QLD
1487,Caelan,QLD
4673,Monogreen,NZ
1395,Aura,QLD
8400,Hailbails,NZ
19581,ravishna,QLD
8229,Gong - Cameron Prosser,NSW
19824,SwitchBae,VIC
5073,h,WA
11735,Bean,VIC
8485,Phyco,NSW
2279,Fabio,WA
2191,Recordio,NSW
4732,Piski,VIC
5325,Speedy Geblin,NSW
1187,Booper,VIC
9571,Delta,NSW
2103,Nopa,NSW
2895,TK,NSW
5701,Space-Only-Dog,QLD
2178,Loza,NSW
1731,Unfortunate,SA
2419,Neigh Neigh 43,NSW
2104,Naughtybird42,NSW
3950,Fosku,WA
3638,LokySerpent,VIC
17788,Pabu,VIC
2969,Dooty McFrooty,QLD
3141,Cell,VIC
2081,GTR,NSW
16934,FumbleJr,NSW
1946,Jozzai,QLD
5844,Internet bad guy (Legs),QLD
1179,Edward,ACT
3363,Cody,NZ
17317,prok,NSW
16185,Beet,NSW
2381,Recec,NSW
2730,schooner,QLD
11757,Ayowddupmang,NZ
3154,jerrors,VIC
5398,GanezDean,TAS
2017,Shervi,NSW
11782,Reminco,NSW
4221,Will,QLD
1430,Sw0rds,VIC
2085,Headphones,NSW
5362,Rowlsie,QLD
5479,dog,VIC
3542,Snacks,NZ
2366,Chrispy,VIC
8273,Gong - Geordie McAleer,NSW
5189,Alumina,NSW
5339,Aetos,SA
9563,addeype1,VIC
2236,Dese,TAS
4913,CapitalSteez,QLD
1901,Googers,VIC
3364,HSG,NZ
5738,SniffWhiff,NSW
2653,Raculous,QLD
8110,Semper Fudge,VIC
5165,KENSHIN,VIC
5337,Alpal,VIC
8048,OJoe,VIC
16873,joe,NZ
1788,Chrisak,WA
15352,Stawz,SA
5099,Not_Imp0rtant,NZ
5373,Shwangdi,NZ
1647,Princess Of Iron Toast,NZ
6959,Tekno,QLD
13871,Jed,QLD
2741,Forseti,ACT
5783,MeatPi,ACT
11785,Fatman,NSW
8142,BB,VIC
2463,Pedro,NSW
3251,DKPRO,WA
3644,Snaff,WA
1302,Deez,VIC
13912,Ouija,VIC
1619,ChairmanMao,NZ
5862,dingdongkid,NZ
3178,VTOL,WA
5321,KenoshaKiD,NSW
16874,Jermal,NZ
3335,Gus,WA
1564,Milk,SA
4804,TREE,NZ
5796,raymoo,VIC
8146,Spek,VIC
13979,Brush,QLD
2978,Doug,QLD
3167,Stutter,VIC
1872,Laul,NZ
9444,Johl,QLD
1370,Benny P,VIC
5481,SpaceCadet,VIC
1814,trav,NZ
13909,DatG,VIC
2392,ScarlettReigns - Cloud,NSW
3172,Red Ninja,VIC
3342,Ignatowski,WA
15230,mapes,VIC
2222,Corvid,VIC
5181,Sunbro,QLD
1760,Fenno,SA
5793,Cooktus,VIC
19822,Butch,VIC
15571,La_Lapin,NZ
5094,Akabird,NZ
3749,dcs,NZ
5242,Dino,VIC
13892,Cancer,QLD
15089,PO3,NSW
4789,Reign,QLD
5487,Kadae,VIC
2239,Valos,NZ
1242,Dogtime,QLD
15124,Techlord,NSW
13893,Douchedag,QLD
9449,Nobody,VIC
1523,Peahnuts,WA
2380,Banan,NSW
5898,Shorty,NSW
2903,Liam,QLD
1888,DankMemes420,NZ
7994,Watto,VIC
5186,Voytek,NSW
1201,LachlanF,QLD
8398,CoastNZ,NZ
16572,dunccy,VIC
1726,JediJess,QLD
5346,Kovie,NSW
15485,Sir KeensWorth,NSW
5323,SpacemanBad,NSW
1559,Dashie,SA
5039,Neverfade,WA
4640,luhg,WA
11799,zilo94,NZ
13910,Glewis,VIC
5722,SpaceMan,QLD
5751,JoyStock,VIC
8052,Screan,NSW
1292,Soar,QLD
5484,Retro Reviver,VIC
1714,yarbsarb,ACT
16023,Maya,VIC
16543,MarchOfHell,VIC
13868,Pseudo,QLD
3232,Jazzy,VIC
1708,skeneo,VIC
5488,Dayv,QLD
15319,BoyNextDoor,NZ
2533,Jash,VIC
9450,Llerc,VIC
1954,Krasic,VIC
3337,JawZ,WA
2593,Mingu,QLD
9491,Rocket,NSW
19394,Phyllis,NSW
17187,Lain,QLD